{"posicion":{"x":196.2094268798828,"y":2.7580747604370119,"z":-1.0},"VidaGuardada":1,"PuntosGuardados":0.0}