{
    "posicion": {
        "x": -27.829999923706056,
        "y": -9.318479537963868,
        "z": -1.0
    },
    "VidaGuardada": 6,
    "PuntosGuardados": 40.0,
    "escenaActual": "Nivel_1"
}