{
    "posicion": {
        "x": 106.67870330810547,
        "y": -11.058775901794434,
        "z": -1.0
    },
    "VidaGuardada": 9,
    "PuntosGuardados": 180.0,
    "escenaActual": "Nivel_1"
}