{"posicion":{"x":-3.0961761474609377,"y":-1.6039085388183594,"z":-1.0},"VidaGuardada":8,"PuntosGuardados":0.0}