{"posicion":{"x":-18.305171966552736,"y":-11.058808326721192,"z":0.0},"VidaGuardada":10,"PuntosGuardados":0.0,"escenaActual":"Estacion"}