{"posicion":{"x":219.68362426757813,"y":-7.905966758728027,"z":-1.0},"VidaGuardada":8,"PuntosGuardados":20.0,"escenaActual":"Tutorial"}