{
    "posicion": {
        "x": 386.64739990234377,
        "y": -7.905951499938965,
        "z": -1.0
    },
    "VidaGuardada": 10,
    "PuntosGuardados": 0.0,
    "escenaActual": "Tutorial"
}