{
    "posicion": {
        "x": -29.610000610351564,
        "y": -10.45695972442627,
        "z": 0.0
    },
    "VidaGuardada": 10,
    "PuntosGuardados": 0.0,
    "escenaActual": "Estacion"
}